Account Name,Product Name,Quantity,Offered Price (converted),Subscription Product ARR (converted)
BoostUp.ai,Training Essentials,6,10.93,786.96
AltiSales,Training Essentials,8,6.48,518.4
Paytronix,Training Essentials,8,5.01,400.65
APS Payroll,Training Essentials,10,6,599.76
ActZero,Training Essentials,10,15.83,1583.33
ActZero,Training Essentials,10,5.4,540
LightEdge Solutions,Training Essentials,10,11.4,1140
Flashbay,Training Essentials,10,25,3000
Siteimprove,Training Essentials,10,4.93,493
Moveworks,Training Essentials,11,9.6,1056
Aurigo Software Technologies,Training Essentials,12,5.38,645.15
Keyfactor,Training Essentials,15,4.78,860.34
IDR,Training Essentials,20,20.84,5000.4
LetsAllDoGood,Training Essentials,20,7.2,1440
Aera Technology Inc.,Training Essentials,20,17.86,4285.2
APS Payroll,Training Essentials,22,4.3,945.43
Syndigo,Training Essentials,22,3.77,829.4
Okta,Training Essentials,22,11.5,2530
Keyfactor,Training Essentials,25,4.11,1233.87
Hoffmann-La Roche India,Training Essentials,25,2.86,858.93
SecureAuth Corporation,Training Essentials,25,7.2,1800
United Rentals,Training Essentials,25,6,1800
Skybox Security,Training Essentials,25,12,3000
Aurigo Software Technologies,Training Essentials,27,5.41,1460.45
EIGENSONNE,Training Essentials,27,6.67,1801.61
Havenpark Communities,Training Essentials,30,7.98,2394
DataVisor,Training Essentials,30,6,1800
LightEdge Solutions,Training Essentials,30,11.4,3420
Stream.IO,Training Essentials,32,5.96,2287.21
TIDAL,Training Essentials,35,19,6650
Paytronix,Training Essentials,37,6.56,2427.02
Sastrify,Training Essentials,40,6.05,2903.14
SkyHive,Training Essentials,40,6,2880
Panther,Training Essentials,40,12.6,5040
Uniphore,Training Essentials,41,0.88,360.65
Paytronix,Training Essentials,41,4.16,1705.52
Bharat Serums and Vaccines Pvt Ltd,Training Essentials,44,1.35,715
Heimdal Security,Training Essentials,45,7.13,3209.25
GlaxoSmithKline Global,Training Essentials,49,1.91,933.45
Kaseya (Ex-Datto),Training Essentials,50,7.04,4222.22
Spendflo,Training Essentials,50,11.4,5700
Unravel Data,Training Essentials,50,3.82,1910
QlikTech,Training Essentials,50,3.5,1750
LightEdge Solutions,Training Essentials,50,11.4,5700
NxStage Medical Inc.,Training Essentials,50,8.55,5130
Pubnub,Training Essentials,50,5.4,3240
Paytronix,Training Essentials,50,2.75,1375
Yalo,Training Essentials,50,6,3600
ChowNow,Training Essentials,50,18.58,9288.89
NAVEX,Training Essentials,50,2.55,1275
NAVEX,Training Essentials,50,2.3,1150
Amazon Business,Training Essentials,50,5.08,2542.37
Viiv Healthcare,Training Essentials,50,1.53,762.5
GlaxoSmithKline Global,Training Essentials,50,1.91,952.5
ALLO Fiber,Training Essentials,51,8.12,4972.05
Beyond Menu,Training Essentials,51,4.47,2737.2
Storyblok,Training Essentials,52,8.8,5488.89
ABBYY,Training Essentials,53,3.25,1722.5
GlaxoSmithKline Global,Training Essentials,53,1.91,1009.65
Paytronix,Training Essentials,55,5,2750
Conviva,Training Essentials,55,5.7,3762
Conviva,Training Essentials,55,5.4,3564
Databook,Training Essentials,56,7.2,4032
Claroty EMEA,Training Essentials,57,10.2,5816.11
United Rentals,Training Essentials,60,10.5,7560
Rework training,Training Essentials,60,4.8,3456
Elmo Motion Control Ltd,Training Essentials,60,14,10080
GlaxoSmithKline Global,Training Essentials,60,1.91,1143
RFPIO Inc.,Training Essentials,66,7,4620
S&P Global,Training Essentials,70,5.57,3899
Plate IQ Inc,Training Essentials,70,8.67,6065.5
Mitchell International,Training Essentials,75,10,7500
SkyHive,Training Essentials,75,5.7,5130
InsuraMatch,Training Essentials,75,12.85,11565
Beyond Menu,Training Essentials,80,5.26,5049.6
RFPIO Inc.,Training Essentials,85,7,5950
RFPIO Inc.,Training Essentials,85,3.7,3145
Signifyd,Training Essentials,85,10.83,9205.5
TripleLift,Training Essentials,91,7.48,6803.94
BazaarVoice,Training Essentials,93,5.32,4950.87
TripleLift,Training Essentials,94,4.79,4497.9
GlaxoSmithKline Global,Training Essentials,96,1.91,1828.8
OneStream Software,Training Essentials,98,6,7056
BIGTREE ENTERTAINMENT PVT LTD.,Training Essentials,100,2.92,3500
Guardian Life Insurance,Training Essentials,100,7.2,7200
Greenhouse Software,Training Essentials,100,6,7200
Viant Technology LLC,Training Essentials,100,10.9,10900
Mixpanel,Training Essentials,100,10.83,10830
Semperis,Training Essentials,100,6.78,6776.67
SEVENROOMS,Training Essentials,100,13.51,13511.11
Century Real Estate Holdings Pvt Ltd,Training Essentials,100,3.18,3821.43
Thermo Fisher Scientific,Training Essentials,101,8.87,8955.33
Velsera,Training Essentials,101,8.55,8635.5
Trimble Inc.,Training Essentials,102,10.89,11111.2
GlaxoSmithKline Global,Training Essentials,117,1.91,2228.85
Trimble Inc.,Training Essentials,120,2.5,3000
CleverTap APAC,Training Essentials,120,3.47,4158.89
Huber Engineered Woods (HEW),Training Essentials,125,15.66,23482.5
Hoffmann-La Roche India,Training Essentials,125,2.86,4294.64
Lakeside Software,Training Essentials,125,8.02,10027.78
Wipro Enterprises (Lighting),Training Essentials,130,3.57,4642.86
JNTL Consumer Health (India) Private Limited,Training Essentials,130,3.84,5989.82
GlaxoSmithKline Global,Training Essentials,130,1.91,2476.5
Lytx,Training Essentials,135,15,24300
GlaxoSmithKline Global,Training Essentials,140,1.91,2667
Claroty EMEA,Training Essentials,144,5,7200
Amazon Pay,Training Essentials,145,4.05,5867.13
GlaxoSmithKline Global,Training Essentials,145,1.91,2762.25
TD Bank Financial Group,Training Essentials,150,25.45,38174.17
Alliance Consumer Group,Training Essentials,150,3.67,5505
Viiv Healthcare,Training Essentials,150,1.91,2857.5
Viiv Healthcare,Training Essentials,150,1.56,2799
GlaxoSmithKline Global,Training Essentials,150,1.91,2857.5
GlaxoSmithKline Global,Training Essentials,150,1.91,2857.5
NxStage Medical Inc.,Training Essentials,160,8.55,16416
Fresenius Medical Care,Training Essentials,160,8.44,16213.33
Flexential,Training Essentials,175,6.33,11071.27
Okta,Training Essentials,177,11.5,20355
Wipro Enterprises (Lighting),Training Essentials,180,1.99,3581.35
LEAD School,Training Essentials,180,1.34,2895.24
Moveworks,Training Essentials,190,7.92,15041.67
Hearst,Training Essentials,195,5.64,13197.6
Gigamon,Training Essentials,200,8,19200
NAVEX,Training Essentials,200,5.51,11012.96
Haleon,Training Essentials,200,7.56,15125.85
LeanIX,Training Essentials,200,8.55,20520
Cribl,Training Essentials,200,3.89,7775.59
"Philips Medical Systems (Cleveland), Inc.",Training Essentials,200,12.31,24629.63
Human,Training Essentials,200,7.66,15312.59
Claroty EMEA,Training Essentials,210,5,10500
SEVENROOMS,Training Essentials,215,6.3,13545
CB Insights,Training Essentials,217,6.87,14897.05
Yalo,Training Essentials,220,4,10560
Discovery,Training Essentials,221,12.31,32658.89
Whatfix,Training Essentials,225,2.94,7932.99
Twilio,Training Essentials,225,2.27,6129
FourKites,Training Essentials,225,9.24,20778.75
Eightfold.ai,Training Essentials,225,10.78,24243.75
Lantheus Medical Imaging,Training Essentials,230,10.64,24472
Haleon India,Training Essentials,230,1.18,2714.14
GlaxoSmithKline Global,Training Essentials,230,1.91,4381.5
Spendesk,Training Essentials,240,5.54,15956.18
GlaxoSmithKline Global,Training Essentials,240,1.91,4572
Medallia,Training Essentials,250,4.8,12000
Sisense,Training Essentials,250,4,12000
Sisense,Training Essentials,250,4,12000
Unisys,Training Essentials,250,4.23,12675
AmberStudent,Training Essentials,250,1.58,3958.33
Digital Realty,Training Essentials,275,19.03,52337.08
HYCU,Training Essentials,280,5.4,15120
YouGov,Training Essentials,280,7.28,20397.53
Energizer Holdings,Training Essentials,280,9.34,31382.4
Havenpark Communities,Training Essentials,286,9.06,25911.6
GlaxoSmithKline Global,Training Essentials,290,1.91,5524.5
DHL Express (India) Pvt Ltd,Training Essentials,300,3.99,14357.14
Siemens Smart Infrastructure,Training Essentials,300,7.04,25333.33
Gigamon,Training Essentials,300,12.5,45000
SOCi Inc.,Training Essentials,300,10.2,36720
Zydus Wellness,Training Essentials,300,2.48,8914.29
Viiv Healthcare,Training Essentials,300,1.91,5715
Uniphore,Training Essentials,302,2.5,7550
Merz North America,Training Essentials,310,9.68,35994.44
Signifyd,Training Essentials,315,4.8,15120
GlaxoSmithKline Global,Training Essentials,315,1.91,6000.75
SOCi Inc.,Training Essentials,320,4.59,17625.6
Druva,Training Essentials,325,8.5,27625
GlaxoSmithKline Global,Training Essentials,326,1.91,6210.3
Spendesk,Training Essentials,345,2.57,10635.26
Sisense,Training Essentials,350,4.93,20688.89
Siemon,Training Essentials,363,5.25,19057.5
GlaxoSmithKline Global,Training Essentials,370,1.91,7048.5
Uniphore,Training Essentials,381,0.88,3351.39
PubMatic,Training Essentials,385,5.25,24255
Studio Enterprise,Training Essentials,393,7.75,30462.59
Kaseya (Ex-Datto),Training Essentials,400,7.04,33777.78
Menemsha Group,Training Essentials,400,9.85,39407.41
Siemens Smart Infrastructure,Training Essentials,400,7.39,35466.67
Vacasa,Training Essentials,400,9.41,37640
OpenText,Training Essentials,400,3.36,16104
Janssen India,Training Essentials,413,1.79,8850
Eightfold.ai,Training Essentials,420,5.95,24990
GlaxoSmithKline Global,Training Essentials,421,1.91,8020.05
Ola Cabs,Training Essentials,430,1.31,5627.88
BazaarVoice,Training Essentials,430,5.32,22891.13
Colonial Life,Training Essentials,500,3.99,19950
RSA Security LLC,Training Essentials,500,3.24,16200
Euromoney Institutional Investor,Training Essentials,500,4.84,24201.36
Alembic Pharmaceuticals,Training Essentials,500,0.47,2791.43
AMH Homes,Training Essentials,500,12.08,60377.78
vedantu,Training Essentials,500,1,4977.98
Bluebeam,Training Essentials,500,12,60000
Insperity,Training Essentials,500,5.9,35382.22
GoTo,Training Essentials,550,3.57,19640.32
PubMatic,Training Essentials,555,4.46,29703.6
Okta,Training Essentials,570,11.5,65550
OneStream Software,Training Essentials,600,5.7,41040
Trimble Inc.,Training Essentials,670,5.28,35361.11
Gigamon,Training Essentials,700,2,16800
Aera Technology Inc.,Training Essentials,720,0.33,2851.2
Darktrace,Training Essentials,774,3.09,23883.11
Ola Cabs,Training Essentials,800,1.31,10476.19
GlaxoSmithKline Global,Training Essentials,800,1.53,12200
MiMedx,Training Essentials,806,3.88,31272.8
Medallia,Training Essentials,850,9.75,82875
Bharat Serums and Vaccines Pvt Ltd,Training Essentials,900,1.35,14625.02
EngageSmart,Training Essentials,910,3.75,40950
Sherwin-Williams,Training Essentials,1000,3.33,33300
NuVasive,Training Essentials,1000,5.51,66120
PagerDuty,Training Essentials,1200,5.94,71280
Data Axle,Training Essentials,1250,2.16,32400
Twilio,Training Essentials,1275,2.54,38851.63
The Chamberlain Group,Training Essentials,1300,3.6,46800
Dataiku UK,Training Essentials,1300,2,31200
Infobip,Training Essentials,1300,2.7,42120
Finastra,Training Essentials,1500,3.75,56208.33
Syniverse,Training Essentials,1501,4.69,70396.9
Ola Cabs,Training Essentials,1525,1.31,19970.24
Darktrace,Training Essentials,1699,4.71,80077.5
Automation Anywhere,Training Essentials,1787,4,85776
Claroty EMEA,Training Essentials,2000,0.35,7000
NuVasive,Training Essentials,2000,4.46,107040
Procore,Training Essentials,2000,4.32,86400
Hitachi Vantara,Training Essentials,2000,5.73,137475.56
Fortinet,Training Essentials,2000,5.28,105555.56
Corporate Visions,Training Essentials,2000,1.25,30000
Block,Training Essentials,2018,2.9,58522
PayPal,Training Essentials,2200,10.56,278666.67
Marks & Spencer APAC,Training Essentials,2300,0.77,17627.86
Juniper Networks,Training Essentials,2333,1.4,39194.4
Iron Mountain,Training Essentials,2500,4.81,120245.37
Benetton India Private Limited,Training Essentials,2500,0.49,14575
Sherwin-Williams,Training Essentials,2600,1.13,29457.04
NuVasive,Training Essentials,2750,4.83,159390
GlaxoSmithKline Global,Training Essentials,2950,0.68,20115.48
Aera Technology Inc.,Training Essentials,3000,0.18,6480
Thomson Reuters,Training Essentials,3280,5.89,193028
Splunk,Training Essentials,3750,3.69,166250
Gigamon,Training Essentials,4000,0.69,33120
Unum Group,Training Essentials,4060,3.99,161994
Freshworks,Training Essentials,4920,2,118080
Sherwin-Williams,Training Essentials,5000,3.31,165500
Fortinet,Training Essentials,5000,6.26,312972.22
SLB,Training Essentials,5500,1.6,105661.11
Alembic Pharmaceuticals,Training Essentials,6000,0.47,33497.14
Glenmark,Training Essentials,6300,0.49,31020
Salesforce.com,Training Essentials,7000,0.63,43750
Harley-Davidson,Training Essentials,30000,0.49,147777.78
Harley-Davidson,Training Essentials,30000,0.49,147777.78
Farmers Insurance,Training Essentials,32000,1.1,421546.67
Ford Motor,Training Essentials,500000,0.06,279661.02
Paytronix,Practice & Reinforcement,8,5.01,400.65
APS Payroll,Practice & Reinforcement,10,6,599.76
ActZero,Practice & Reinforcement,10,15.83,1583.33
LightEdge Solutions,Practice & Reinforcement,10,11.4,1140
Flashbay,Practice & Reinforcement,10,25,3000
Aurigo Software Technologies,Practice & Reinforcement,12,5.38,645.15
Keyfactor,Practice & Reinforcement,15,4.78,860.34
IDR,Practice & Reinforcement,20,20.84,5000.4
Aera Technology Inc.,Practice & Reinforcement,20,17.86,4285.2
APS Payroll,Practice & Reinforcement,22,4.3,945.43
Keyfactor,Practice & Reinforcement,25,4.11,1233.87
Hoffmann-La Roche India,Practice & Reinforcement,25,2.86,858.93
Skybox Security,Practice & Reinforcement,25,12,3000
Aurigo Software Technologies,Practice & Reinforcement,27,5.41,1460.45
EIGENSONNE,Practice & Reinforcement,27,6.67,1801.61
Havenpark Communities,Practice & Reinforcement,30,7.98,2394
LightEdge Solutions,Practice & Reinforcement,30,11.4,3420
Stream.IO,Practice & Reinforcement,32,5.96,2287.21
TIDAL,Practice & Reinforcement,35,19,6650
Paytronix,Practice & Reinforcement,37,6.56,2427.02
Sastrify,Practice & Reinforcement,40,6.05,2903.14
SkyHive,Practice & Reinforcement,40,6,2880
Uniphore,Practice & Reinforcement,41,0.88,360.65
Paytronix,Practice & Reinforcement,41,4.16,1705.52
Bharat Serums and Vaccines Pvt Ltd,Practice & Reinforcement,44,1.35,715
Heimdal Security,Practice & Reinforcement,45,7.13,3209.25
GlaxoSmithKline Global,Practice & Reinforcement,49,1.91,933.45
Kaseya (Ex-Datto),Practice & Reinforcement,50,7.04,4222.22
Spendflo,Practice & Reinforcement,50,11.4,5700
LightEdge Solutions,Practice & Reinforcement,50,11.4,5700
NxStage Medical Inc.,Practice & Reinforcement,50,8.55,5130
Pubnub,Practice & Reinforcement,50,5.4,3240
Yalo,Practice & Reinforcement,50,6,3600
ChowNow,Practice & Reinforcement,50,18.58,9288.89
Amazon Business,Practice & Reinforcement,50,5.08,2542.37
Viiv Healthcare,Practice & Reinforcement,50,1.53,762.5
GlaxoSmithKline Global,Practice & Reinforcement,50,1.91,952.5
ALLO Fiber,Practice & Reinforcement,51,8.12,4972.05
Beyond Menu,Practice & Reinforcement,51,4.47,2737.2
Storyblok,Practice & Reinforcement,52,8.8,5488.89
GlaxoSmithKline Global,Practice & Reinforcement,53,1.91,1009.65
Paytronix,Practice & Reinforcement,55,5,2750
Conviva,Practice & Reinforcement,55,5.7,3762
Conviva,Practice & Reinforcement,55,5.4,3564
Claroty EMEA,Practice & Reinforcement,57,10.2,5816.11
United Rentals,Practice & Reinforcement,60,10.5,7560
Elmo Motion Control Ltd,Practice & Reinforcement,60,14,10080
GlaxoSmithKline Global,Practice & Reinforcement,60,1.91,1143
RFPIO Inc.,Practice & Reinforcement,66,7,4620
Plate IQ Inc,Practice & Reinforcement,70,8.67,6065.5
Mitchell International,Practice & Reinforcement,75,10,7500
InsuraMatch,Practice & Reinforcement,75,12.85,11565
RFPIO Inc.,Practice & Reinforcement,85,7,5950
Signifyd,Practice & Reinforcement,85,10.83,9205.5
TripleLift,Practice & Reinforcement,91,7.48,6803.94
BazaarVoice,Practice & Reinforcement,93,5.32,4950.87
TripleLift,Practice & Reinforcement,94,4.79,4497.9
GlaxoSmithKline Global,Practice & Reinforcement,96,1.91,1828.8
Viant Technology LLC,Practice & Reinforcement,100,10.9,10900
Mixpanel,Practice & Reinforcement,100,10.83,10830
Semperis,Practice & Reinforcement,100,6.78,6776.67
SEVENROOMS,Practice & Reinforcement,100,13.51,13511.11
Century Real Estate Holdings Pvt Ltd,Practice & Reinforcement,100,3.18,3821.43
Thermo Fisher Scientific,Practice & Reinforcement,101,8.87,8955.33
Velsera,Practice & Reinforcement,101,8.55,8635.5
Trimble Inc.,Practice & Reinforcement,102,10.89,11111.2
GlaxoSmithKline Global,Practice & Reinforcement,117,1.91,2228.85
CleverTap APAC,Practice & Reinforcement,120,3.47,4158.89
Huber Engineered Woods (HEW),Practice & Reinforcement,125,15.66,23482.5
Hoffmann-La Roche India,Practice & Reinforcement,125,2.86,4294.64
Lakeside Software,Practice & Reinforcement,125,8.02,10027.78
JNTL Consumer Health (India) Private Limited,Practice & Reinforcement,130,3.84,5989.82
GlaxoSmithKline Global,Practice & Reinforcement,130,1.91,2476.5
GlaxoSmithKline Global,Practice & Reinforcement,140,1.91,2667
Amazon Pay,Practice & Reinforcement,145,4.05,5867.13
GlaxoSmithKline Global,Practice & Reinforcement,145,1.91,2762.25
TD Bank Financial Group,Practice & Reinforcement,150,25.45,38174.17
Viiv Healthcare,Practice & Reinforcement,150,1.91,2857.5
Viiv Healthcare,Practice & Reinforcement,150,1.56,2799
GlaxoSmithKline Global,Practice & Reinforcement,150,1.91,2857.5
GlaxoSmithKline Global,Practice & Reinforcement,150,1.91,2857.5
NxStage Medical Inc.,Practice & Reinforcement,160,8.55,16416
Fresenius Medical Care,Practice & Reinforcement,160,8.44,16213.33
Flexential,Practice & Reinforcement,175,6.33,11071.27
Wipro Enterprises (Lighting),Practice & Reinforcement,180,1.99,3581.35
LEAD School,Practice & Reinforcement,180,1.34,2895.24
Moveworks,Practice & Reinforcement,190,7.92,15041.67
Hearst,Practice & Reinforcement,195,5.64,13197.6
NAVEX,Practice & Reinforcement,200,5.51,11012.96
Haleon,Practice & Reinforcement,200,7.56,15125.85
LeanIX,Practice & Reinforcement,200,8.55,20520
Cribl,Practice & Reinforcement,200,3.89,7775.59
"Philips Medical Systems (Cleveland), Inc.",Practice & Reinforcement,200,12.31,24629.63
Human,Practice & Reinforcement,200,7.66,15312.59
CB Insights,Practice & Reinforcement,217,6.87,14897.05
Discovery,Practice & Reinforcement,221,12.31,32658.89
Whatfix,Practice & Reinforcement,225,2.94,7932.99
FourKites,Practice & Reinforcement,225,9.24,20778.75
Eightfold.ai,Practice & Reinforcement,225,10.78,24243.75
Lantheus Medical Imaging,Practice & Reinforcement,230,10.64,24472
Haleon India,Practice & Reinforcement,230,1.18,2714.14
GlaxoSmithKline Global,Practice & Reinforcement,230,1.91,4381.5
Spendesk,Practice & Reinforcement,240,5.54,15956.18
GlaxoSmithKline Global,Practice & Reinforcement,240,1.91,4572
Unisys,Practice & Reinforcement,250,4.23,12675
AmberStudent,Practice & Reinforcement,250,1.58,3958.33
Digital Realty,Practice & Reinforcement,275,19.03,52337.08
YouGov,Practice & Reinforcement,280,7.28,20397.53
GlaxoSmithKline Global,Practice & Reinforcement,290,1.91,5524.5
Siemens Smart Infrastructure,Practice & Reinforcement,300,7.04,25333.33
Gigamon,Practice & Reinforcement,300,12.5,45000
SOCi Inc.,Practice & Reinforcement,300,10.2,36720
Viiv Healthcare,Practice & Reinforcement,300,1.91,5715
Merz North America,Practice & Reinforcement,310,9.68,35994.44
GlaxoSmithKline Global,Practice & Reinforcement,315,1.91,6000.75
Druva,Practice & Reinforcement,325,8.5,27625
GlaxoSmithKline Global,Practice & Reinforcement,326,1.91,6210.3
Sisense,Practice & Reinforcement,350,4.93,20688.89
Siemon,Practice & Reinforcement,363,5.25,19057.5
GlaxoSmithKline Global,Practice & Reinforcement,370,1.91,7048.5
Uniphore,Practice & Reinforcement,381,0.88,3351.39
PubMatic,Practice & Reinforcement,385,5.25,24255
Studio Enterprise,Practice & Reinforcement,393,7.75,30462.59
Kaseya (Ex-Datto),Practice & Reinforcement,400,7.04,33777.78
Menemsha Group,Practice & Reinforcement,400,9.85,39407.41
Siemens Smart Infrastructure,Practice & Reinforcement,400,7.39,35466.67
Vacasa,Practice & Reinforcement,400,9.41,37640
OpenText,Practice & Reinforcement,400,3.36,16104
GlaxoSmithKline Global,Practice & Reinforcement,421,1.91,8020.05
BazaarVoice,Practice & Reinforcement,430,5.32,22891.13
Colonial Life,Practice & Reinforcement,500,3.99,19950
AMH Homes,Practice & Reinforcement,500,12.08,60377.78
Insperity,Practice & Reinforcement,500,5.9,35382.22
GoTo,Practice & Reinforcement,550,3.57,19640.32
Trimble Inc.,Practice & Reinforcement,670,5.28,35361.11
GlaxoSmithKline Global,Practice & Reinforcement,800,1.53,12200
Medallia,Practice & Reinforcement,850,9.75,82875
Bharat Serums and Vaccines Pvt Ltd,Practice & Reinforcement,900,1.35,14625.02
NuVasive,Practice & Reinforcement,1000,5.51,66120
Twilio,Practice & Reinforcement,1275,2.54,38851.63
Finastra,Practice & Reinforcement,1500,3.75,56208.33
Darktrace,Practice & Reinforcement,1699,4.71,80077.5
Procore,Practice & Reinforcement,2000,4.32,86400
Hitachi Vantara,Practice & Reinforcement,2000,5.73,137475.56
Fortinet,Practice & Reinforcement,2000,5.28,105555.56
Corporate Visions,Practice & Reinforcement,2000,1.25,30000
Block,Practice & Reinforcement,2018,2.9,58522
PayPal,Practice & Reinforcement,2200,10.56,278666.67
Iron Mountain,Practice & Reinforcement,2500,4.81,120245.37
Sherwin-Williams,Practice & Reinforcement,2600,1.13,29457.04
GlaxoSmithKline Global,Practice & Reinforcement,2950,0.68,20115.48
Thomson Reuters,Practice & Reinforcement,3280,5.89,193028
Splunk,Practice & Reinforcement,3750,3.69,166250
Unum Group,Practice & Reinforcement,4060,3.99,161994
Fortinet,Practice & Reinforcement,5000,6.26,312972.22
SLB,Practice & Reinforcement,5500,1.6,105661.11
Salesforce.com,Practice & Reinforcement,7000,0.63,43750
Harley-Davidson,Practice & Reinforcement,30000,0.49,147777.78
Harley-Davidson,Practice & Reinforcement,30000,0.49,147777.78
Farmers Insurance,Practice & Reinforcement,32000,1.1,421546.67
Ford Motor,Practice & Reinforcement,500000,0.06,279661.02
ShareFile,Asset Hub,6,10.8,647.91
BoostUp.ai,Asset Hub,6,19.2,1382.4
Paytronix,Asset Hub,8,20.03,1602.58
ShareFile,Asset Hub,9,12,1080.03
Vareto,Asset Hub,10,34.04,3403.64
APS Payroll,Asset Hub,10,23.99,2399.03
ActZero,Asset Hub,10,18,1800
ActZero,Asset Hub,10,18,1800
ActZero,Asset Hub,10,5,500
Vivaro Digital,Asset Hub,10,12.48,1248
LetsAllDoGood,Asset Hub,12,24,2880
Aurigo Software Technologies,Asset Hub,12,21.51,2580.62
Keyfactor,Asset Hub,15,19.12,3441.36
Unravel Data,Asset Hub,15,11.17,1675.49
Unravel Data,Asset Hub,15,10.32,1548.04
Collective Health,Asset Hub,15,7.69,1153.88
SEVENROOMS,Asset Hub,15,29.67,4450.91
RetailNext,Asset Hub,17,8.4,1428.04
Uniphore,Asset Hub,18,3.5,630
Crux Informatics,Asset Hub,20,19.2,3840
Databook,Asset Hub,20,11,2640
Lonza USA,Asset Hub,20,18.48,3696
Okendo,Asset Hub,20,8.4,1680.32
Accelerate Performance Sales Consulting,Asset Hub,20,12,2400.06
Workiz Inc,Asset Hub,20,12,2399.46
Vic AI,Asset Hub,20,10.8,2159.7
APS Payroll,Asset Hub,22,17.19,3781.73
DataVisor,Asset Hub,22,8.4,1848.35
Syndigo,Asset Hub,22,12.56,2763.2
Syndigo,Asset Hub,24,10.49,2518.77
Keyfactor,Asset Hub,25,16.45,4935.48
QlikTech,Asset Hub,25,11.46,2865
cloudtalk,Asset Hub,26,13.18,3426.8
Collective Health,Asset Hub,26,8.57,2228.59
Panther,Asset Hub,26,17.28,4492.8
Aurigo Software Technologies,Asset Hub,27,16.51,4458.21
Interactio,Asset Hub,30,18,5400
Wazoku Ltd,Asset Hub,30,10.8,3239.55
Prescryptive Health,Asset Hub,30,12,3599.19
"Uptycs, Inc",Asset Hub,30,11.02,3306.15
Power Factors Inc.,Asset Hub,30,7.12,2136
LimFlow,Asset Hub,30,12,3599.19
Singular Genomics,Asset Hub,30,12,3599.19
SirionLabs,Asset Hub,30,14.4,4320
Kobiton,Asset Hub,30,12,3600.03
Workiz Inc,Asset Hub,30,12,3599.19
Scientia Vascular LLC,Asset Hub,30,12,3599.19
Stream.IO,Asset Hub,32,23.83,9148.83
Unravel Data,Asset Hub,35,11.45,4007.5
TIDAL,Asset Hub,35,21.6,7560
Veryan Medical,Asset Hub,36,18,6480
Notable,Asset Hub,37,9.55,3533.91
SkyHive,Asset Hub,40,24,11520
Claroty EMEA,Asset Hub,40,10,4000
Notable,Asset Hub,40,9.55,3820.44
Paytronix,Asset Hub,41,16.64,6822.06
Heimdal Security,Asset Hub,45,28.53,12837
Telix Pharmaceuticals Limited,Asset Hub,50,12,6000.05
Tive,Asset Hub,50,10.8,5399.25
Service Corporation International,Asset Hub,50,9.9,4950
VAST Data,Asset Hub,50,4.54,2270
Nowsta Inc,Asset Hub,50,6.98,3488.8
GoTo,Asset Hub,50,29.87,14935
Pubnub,Asset Hub,50,21.6,12960
WeWork APAC,Asset Hub,50,8.36,4181.82
Amazon Business,Asset Hub,50,20.34,10169.49
Perceptive Informatics,Asset Hub,50,14.4,7200
Beyond Menu,Asset Hub,51,17.89,10948.78
11:11 Systems,Asset Hub,55,10,5500
Conviva,Asset Hub,55,22.8,15048
Conviva,Asset Hub,55,21.6,14256
Claroty EMEA,Asset Hub,57,10,5700
SchoolStatus,Asset Hub,59,16.05,9469.5
Tripleseat,Asset Hub,60,10.8,6478.54
Immuta,Asset Hub,60,12,7200.18
Resonate,Asset Hub,61,10.8,6587.09
Resonate,Asset Hub,61,10.8,6587.09
Syndigo,Asset Hub,66,8.17,5389.04
Telix Pharmaceuticals Limited,Asset Hub,75,12,9000.08
SirionLabs,Asset Hub,80,12.31,9848.23
Claroty EMEA,Asset Hub,85,10,8500
Uniphore,Asset Hub,100,3.5,3500
Mahindra Comviva,Asset Hub,100,6.71,6708.21
Cynet Security,Asset Hub,100,2.2,2640
Bluebeam,Asset Hub,100,14.4,14400
Vic AI,Asset Hub,100,12,12000
Cyara,Asset Hub,101,12,12120
Syndigo,Asset Hub,105,11.66,12245.31
Amagi,Asset Hub,110,7.5,8250
Wasabi Technologies Inc,Asset Hub,120,12,14400.12
Databook,Asset Hub,124,9.93,12313.2
Sumo Logic,Asset Hub,140,24.26,33966.55
VAST Data,Asset Hub,150,4.54,6810
VAST Data,Asset Hub,150,3.78,5670
Sysdig,Asset Hub,150,8.33,12495
ShareFile,Asset Hub,175,11,19250
Flexential,Asset Hub,175,25.31,44285.08
Tenable,Asset Hub,175,8.33,14577.5
Securonix,Asset Hub,200,12,23994.6
Venafi,Asset Hub,200,7.94,15880
Lonza USA,Asset Hub,200,9.24,18480
Cribl,Asset Hub,200,15.55,31102.37
Silk Road Medical,Asset Hub,200,6.48,12960
ShareFile,Asset Hub,222,12,26634.01
Whatfix,Asset Hub,225,11.75,31731.96
Twilio,Asset Hub,225,9.7,26190
Riskified,Asset Hub,230,8.94,20570.62
Syniverse,Asset Hub,250,9.5,23750
Principal Financial Group,Asset Hub,252,21,63504
Spendesk,Asset Hub,283,9.15,31081.44
Lonza USA,Asset Hub,300,9.24,27720
Couchbase Inc.,Asset Hub,310,10,31000
Bottomline Technologies,Asset Hub,361,10.64,38410.4
Druva,Asset Hub,425,8.25,35062.5
ThousandEyes,Asset Hub,450,15,67500
Alight Solutions,Asset Hub,500,9.55,47755.5
GoTo,Asset Hub,550,14.28,78561.29
WeWork,Asset Hub,575,8.36,48090.91
Vericast,Asset Hub,675,16.25,109687.5
Vericast,Asset Hub,675,16.25,109687.5
QlikTech,Asset Hub,850,5.73,48705
Appier,Asset Hub,1000,3.64,36400
Tenable,Asset Hub,1100,11.25,123750
Twilio,Asset Hub,1275,10.16,155406.51
Henkel,Asset Hub,1355,3.14,51056.4
Finastra,Asset Hub,1500,4.5,67500
Rackspace Hosting,Asset Hub,1500,10,180000
Claroty EMEA,Asset Hub,2000,0.89,17800
Darktrace,Asset Hub,2469,6.43,158644.6
Thomson Reuters,Asset Hub,3100,9.48,293767.27
American Express Company,Asset Hub,4000,2.44,97600
Henkel,Asset Hub,5000,3.39,203400
Harley-Davidson,Asset Hub,30000,0.42,126000
Harley-Davidson,Asset Hub,30000,0.42,126000
Ford Motor,Asset Hub,500000,0.22,1118644.07
Sycurio,Asset Hub,500,3025.17,36302.03
Flexential,Asset Hub,100,1250,15000
TargetRecruit LLC,Premier Package + Spaced Reinforcements,8,32.4,2592
EAB,Premier Package + Spaced Reinforcements,10,42.3,4230
LetsAllDoGood,Premier Package + Spaced Reinforcements,12,46.8,5616
NAVEX,Premier Package + Spaced Reinforcements,15,15.65,2347.5
Navan,Premier Package + Spaced Reinforcements,18,14,2520
Databook,Premier Package + Spaced Reinforcements,20,35.75,8580
Flume Sales Training,Premier Package + Spaced Reinforcements,20,16,3840
CDK Global,Premier Package + Spaced Reinforcements,22,27.5,7260
Alliance Consumer Group,Premier Package + Spaced Reinforcements,24,23.4,5616
AKASA,Premier Package + Spaced Reinforcements,25,48,12000
cloudtalk,Premier Package + Spaced Reinforcements,26,32.94,8564.4
Panther,Premier Package + Spaced Reinforcements,26,43.2,11232
Navan,Premier Package + Spaced Reinforcements,30,14,4200
Interactio,Premier Package + Spaced Reinforcements,30,32,9600
Flume Sales Training,Premier Package + Spaced Reinforcements,30,16,5760
Lexia Learning,Premier Package + Spaced Reinforcements,30,17.5,5250
Access Intelligence Plc,Premier Package + Spaced Reinforcements,33,16.34,5390.85
Capillary,Premier Package + Spaced Reinforcements,35,10.23,3580.5
Access Intelligence Plc,Premier Package + Spaced Reinforcements,36,16.34,5880.93
Leap Finance,Premier Package + Spaced Reinforcements,40,6.71,3222.86
Claroty EMEA,Premier Package + Spaced Reinforcements,40,29,11600
Lantheus Medical Imaging,Premier Package + Spaced Reinforcements,40,24,11520
EAB,Premier Package + Spaced Reinforcements,40,39,15600
EAB,Premier Package + Spaced Reinforcements,40,39,15600
Flume Sales Training,Premier Package + Spaced Reinforcements,44,16,8448
The Ken Blanchard Companies,Premier Package + Spaced Reinforcements,50,12.54,7524
QlikTech,Premier Package + Spaced Reinforcements,50,14.33,7165
VAST Data,Premier Package + Spaced Reinforcements,50,9.47,4735
EAB,Premier Package + Spaced Reinforcements,50,37.96,18980
Flume Sales Training,Premier Package + Spaced Reinforcements,56,16,10752
Uniphore,Premier Package + Spaced Reinforcements,60,23,13800
Lexia Learning,Premier Package + Spaced Reinforcements,60,17.5,10500
Lantheus Medical Imaging,Premier Package + Spaced Reinforcements,60,24,17280
Uniphore,Premier Package + Spaced Reinforcements,66,23,15180
SchoolStatus,Premier Package + Spaced Reinforcements,70,40.12,28084
CDK Global,Premier Package + Spaced Reinforcements,75,27.5,24750
PreSales Collective,Premier Package + Spaced Reinforcements,75,23,17250
Siteimprove,Premier Package + Spaced Reinforcements,80,37.93,30344
MetricStream,Premier Package + Spaced Reinforcements,83,12.75,10582.5
Claroty EMEA,Premier Package + Spaced Reinforcements,85,29,24650
Canonical,Premier Package + Spaced Reinforcements,85,21.24,18054
EAB,Premier Package + Spaced Reinforcements,87,45,39150
MetricStream,Premier Package + Spaced Reinforcements,90,11,9900
Teradata,Premier Package + Spaced Reinforcements,100,16.66,19992
Navan,Premier Package + Spaced Reinforcements,100,14,14000
Lexia Learning,Premier Package + Spaced Reinforcements,100,17.5,17500
RadNet,Premier Package + Spaced Reinforcements,101,24.75,24997.5
Cyara,Premier Package + Spaced Reinforcements,101,27.21,27482.1
Drata,Premier Package + Spaced Reinforcements,105,28.8,30240
Alliance Consumer Group,Premier Package + Spaced Reinforcements,106,23.4,24804
Uniphore,Premier Package + Spaced Reinforcements,111,23,25530
Lytx,Premier Package + Spaced Reinforcements,115,25.25,34845
Bottomline Technologies,Premier Package + Spaced Reinforcements,115,23.13,26599.5
Navan,Premier Package + Spaced Reinforcements,120,14,16800
EngageSmart,Premier Package + Spaced Reinforcements,120,19,27360
Euromoney Institutional Investor,Premier Package + Spaced Reinforcements,120,27.5,33000
Navan,Premier Package + Spaced Reinforcements,121,14,16940
Databook,Premier Package + Spaced Reinforcements,124,24.81,30764.4
Ferring Pharmaceuticals APAC,Premier Package + Spaced Reinforcements,125,6.83,10250
Lantheus Medical Imaging,Premier Package + Spaced Reinforcements,130,24,37440
Varonis,Premier Package + Spaced Reinforcements,130,12.3,15990
Beamery,Premier Package + Spaced Reinforcements,140,33.24,46536
VAST Data,Premier Package + Spaced Reinforcements,150,9.47,14205
VAST Data,Premier Package + Spaced Reinforcements,150,7.89,11835
Sysdig,Premier Package + Spaced Reinforcements,150,21.8,32700
Forter,Premier Package + Spaced Reinforcements,175,20.4,42840
Tenable,Premier Package + Spaced Reinforcements,175,10.75,18812.5
Takeda,Premier Package + Spaced Reinforcements,180,15.3,33048
Navan,Premier Package + Spaced Reinforcements,200,14,28000
Cynet Security,Premier Package + Spaced Reinforcements,200,5.5,13200
Venafi,Premier Package + Spaced Reinforcements,200,19.78,39560
Lonza USA,Premier Package + Spaced Reinforcements,200,23.1,46200
Silk Road Medical,Premier Package + Spaced Reinforcements,200,34.2,68400
LexisNexis,Premier Package + Spaced Reinforcements,215,15.9,41022
BenefitMall,Premier Package + Spaced Reinforcements,225,18.9,42525
Sysdig,Premier Package + Spaced Reinforcements,235,20.5,48175
The Chamberlain Group,Premier Package + Spaced Reinforcements,240,30,72000
Syniverse,Premier Package + Spaced Reinforcements,250,23.75,59375
LinkedIn,Premier Package + Spaced Reinforcements,251,27.5,69025
Principal Financial Group,Premier Package + Spaced Reinforcements,252,32,96768
Lexia Learning,Premier Package + Spaced Reinforcements,300,17.5,52500
Lexia Learning,Premier Package + Spaced Reinforcements,300,17.5,52500
Data Axle,Premier Package + Spaced Reinforcements,300,23.07,83052
Lonza USA,Premier Package + Spaced Reinforcements,300,23.1,69300
CDK Global,Premier Package + Spaced Reinforcements,310,27.5,102300
World Wide Technology,Premier Package + Spaced Reinforcements,325,11.93,46527
World Wide Technology,Premier Package + Spaced Reinforcements,345,11.93,49390.2
MiMedx,Premier Package + Spaced Reinforcements,350,19.01,66535
Perceptive Informatics,Premier Package + Spaced Reinforcements,350,18.6,65100
Couchbase Inc.,Premier Package + Spaced Reinforcements,370,14.36,53132
Vericast,Premier Package + Spaced Reinforcements,441,60,264600
NetApp,Premier Package + Spaced Reinforcements,450,14.64,65880
AlphaSense,Premier Package + Spaced Reinforcements,500,12.5,62500
Persado,Premier Package + Spaced Reinforcements,500,2.5,12500
World Wide Technology,Premier Package + Spaced Reinforcements,500,11.93,71580
Carl Zeiss Meditec USA,Premier Package + Spaced Reinforcements,500,9.2,46000
Vericast,Premier Package + Spaced Reinforcements,501,60,300600
John Wiley & Sons,Premier Package + Spaced Reinforcements,501,16.2,81162
Guardian Life Insurance,Premier Package + Spaced Reinforcements,550,25.2,138600
NetApp,Premier Package + Spaced Reinforcements,550,16.2,89100
Dataiku UK,Premier Package + Spaced Reinforcements,550,10,66000
RSA Security LLC,Premier Package + Spaced Reinforcements,575,25.14,144555
WeWork,Premier Package + Spaced Reinforcements,575,12.3,70725
OneStream Software,Premier Package + Spaced Reinforcements,590,22,155760
Flex USA,Premier Package + Spaced Reinforcements,600,23,138000
The Hartford,Premier Package + Spaced Reinforcements,650,19.75,154050
Teradata,Premier Package + Spaced Reinforcements,750,16.66,149940
Integrace Health,Premier Package + Spaced Reinforcements,750,3.13,28125
Bharat Serums and Vaccines Pvt Ltd,Premier Package + Spaced Reinforcements,750,3.37,30306.43
Spectrum,Premier Package + Spaced Reinforcements,750,17.63,132225
Varonis,Premier Package + Spaced Reinforcements,800,10.25,98400
Finastra,Premier Package + Spaced Reinforcements,825,13.7,135630
QlikTech,Premier Package + Spaced Reinforcements,850,14.33,121805
Sophos,Premier Package + Spaced Reinforcements,900,16,144000
Tenable,Premier Package + Spaced Reinforcements,1100,10.75,118250
Henkel,Premier Package + Spaced Reinforcements,1355,6.84,111218.4
Contentsquare,Premier Package + Spaced Reinforcements,1400,12.3,172200
Mackenzie Financial Corporation,Premier Package + Spaced Reinforcements,1400,11.78,164920
Navistar,Premier Package + Spaced Reinforcements,1500,6.4,115200
Rackspace Hosting,Premier Package + Spaced Reinforcements,1500,12.25,220500
S&P Global,Premier Package + Spaced Reinforcements,1700,13.28,225760
World Wide Technology,Premier Package + Spaced Reinforcements,1700,11.93,243372
Mastercard,Premier Package + Spaced Reinforcements,1870,14.18,318199.2
Juniper Networks,Premier Package + Spaced Reinforcements,2333,6.88,192612.48
NielsenIQ,Premier Package + Spaced Reinforcements,2750,6,198000
Dynatech,Premier Package + Spaced Reinforcements,3000,4.68,168486.74
MongoDB Inc.,Premier Package + Spaced Reinforcements,3500,5,210000
Service Corporation International,Premier Package + Spaced Reinforcements,3700,16.8,621600
American Express Company,Premier Package + Spaced Reinforcements,4000,6.12,244800
NetApp,Premier Package + Spaced Reinforcements,4100,13.5,664200
Henkel,Premier Package + Spaced Reinforcements,5000,6.93,415800
Sherwin-Williams,Premier Package + Spaced Reinforcements,33500,3.22,1078700
Paytronix,Coaching,8,6.68,534.19
APS Payroll,Coaching,10,8,799.68
ActZero,Coaching,10,13.33,1333.33
Aurigo Software Technologies,Coaching,12,7.17,860.21
Keyfactor,Coaching,15,6.37,1147.12
APS Payroll,Coaching,22,5.73,1260.58
Keyfactor,Coaching,25,5.48,1645.16
EIGENSONNE,Coaching,27,10,2700
LightEdge Solutions,Coaching,30,9.6,2880
Stream.IO,Coaching,32,7.94,3049.61
TIDAL,Coaching,35,16,5600
SkyHive,Coaching,40,8,3840
Uniphore,Coaching,41,0.74,303.7
Paytronix,Coaching,41,5.55,2274.02
Bharat Serums and Vaccines Pvt Ltd,Coaching,44,1.14,602.11
Heimdal Security,Coaching,45,9.51,4279
Kaseya (Ex-Datto),Coaching,50,5.93,3555.56
LightEdge Solutions,Coaching,50,9.6,4800
Pubnub,Coaching,50,7.2,4320
NxStage Medical Inc.,Coaching,50,7.2,4320
ChowNow,Coaching,50,15.64,7822.22
Amazon Business,Coaching,50,6.78,3389.83
ALLO Fiber,Coaching,51,6.84,4186.99
Beyond Menu,Coaching,51,5.96,3649.59
Storyblok,Coaching,52,7.41,4622.22
Conviva,Coaching,55,7.6,5016
Conviva,Coaching,55,7.2,4752
Claroty EMEA,Coaching,57,8.59,4897.78
11:11 Systems,Coaching,66,10,6600
Signifyd,Coaching,85,9.12,7752
TripleLift,Coaching,91,6.3,5729.63
BazaarVoice,Coaching,93,4.48,4169.16
Mixpanel,Coaching,100,9.12,9120
Semperis,Coaching,100,5.71,5706.67
SEVENROOMS,Coaching,100,11.38,11377.78
Thermo Fisher Scientific,Coaching,101,7.47,7541.33
Trimble Inc.,Coaching,102,9.17,9356.8
CleverTap APAC,Coaching,120,2.92,3502.22
Lakeside Software,Coaching,125,6.76,8444.44
JNTL Consumer Health (India) Private Limited,Coaching,130,3.23,5044.06
Amazon Pay,Coaching,145,3.41,4940.74
TD Bank Financial Group,Coaching,150,21.43,32146.67
NxStage Medical Inc.,Coaching,160,7.2,13824
Fresenius Medical Care,Coaching,160,7.11,13653.33
Flexential,Coaching,175,8.44,14761.69
Wipro Enterprises (Lighting),Coaching,180,1.68,3015.87
LEAD School,Coaching,180,1.13,2438.1
Moveworks,Coaching,190,6.67,12666.67
NAVEX,Coaching,200,4.64,9274.07
Cribl,Coaching,200,5.18,10367.46
"Philips Medical Systems (Cleveland), Inc.",Coaching,200,10.37,20740.74
Human,Coaching,200,6.45,12894.81
Discovery,Coaching,221,10.37,27502.22
Whatfix,Coaching,225,3.92,10577.32
Lantheus Medical Imaging,Coaching,230,8.96,20608
Spendesk,Coaching,240,4.67,13436.78
AmberStudent,Coaching,250,1.33,3333.33
Digital Realty,Coaching,275,16.03,44073.33
YouGov,Coaching,280,6.13,17176.87
DHL Express (India) Pvt Ltd,Coaching,300,1.96,7071.43
Siemens Smart Infrastructure,Coaching,300,5.93,21333.33
Merz North America,Coaching,310,8.15,30311.11
Sisense,Coaching,350,4.15,17422.22
Uniphore,Coaching,381,0.74,2822.22
Studio Enterprise,Coaching,393,6.53,25652.71
Kaseya (Ex-Datto),Coaching,400,5.93,28444.44
Menemsha Group,Coaching,400,8.3,33185.19
Siemens Smart Infrastructure,Coaching,400,6.22,29866.67
BazaarVoice,Coaching,430,4.48,19276.74
Colonial Life,Coaching,500,3.36,16800
AMH Homes,Coaching,500,10.17,50844.44
vedantu,Coaching,500,0.49,2451.79
Insperity,Coaching,500,4.97,29795.56
GoTo,Coaching,550,4.76,26187.1
Trimble Inc.,Coaching,670,4.44,29777.78
NuVasive,Coaching,750,8.7,78300
Bharat Serums and Vaccines Pvt Ltd,Coaching,900,1.14,12315.81
NuVasive,Coaching,1000,4.64,55680
Twilio,Coaching,1275,3.39,51802.17
Glenmark,Coaching,1300,0.95,12350
Finastra,Coaching,1500,3.16,47333.33
Darktrace,Coaching,1699,3.97,67433.69
Hitachi Vantara,Coaching,2000,4.82,115768.89
Fortinet,Coaching,2000,4.44,88888.89
PayPal,Coaching,2200,8.89,234666.67
Iron Mountain,Coaching,2500,4.05,101259.26
Sherwin-Williams,Coaching,2600,0.95,24805.93
GlaxoSmithKline Global,Coaching,2950,0.57,16939.35
Splunk,Coaching,3750,3.11,140000
Unum Group,Coaching,4060,3.36,136416
Fortinet,Coaching,5000,5.27,263555.56
SLB,Coaching,5500,1.35,88977.78
Harley-Davidson,Coaching,30000,0.41,124444.44
Harley-Davidson,Coaching,30000,0.41,124444.44
Farmers Insurance,Coaching,32000,0.92,354986.67
Ford Motor,Coaching,500000,0.07,372881.36
ShareFile,Call AI,6,34.09,2045.57
BoostUp.ai,Call AI,6,35.1,2527.2
3D Apartment Inc,Call AI,6,65.97,3958.2
cloudtalk,Call AI,9,50.4,4536
Intraprise Health LLC,Call AI,10,73.33,7333
Amagi,Call AI,10,34.98,3498
Keyfactor,Call AI,10,58.5,7020
Venafi,Call AI,10,46.8,4680
Vivaro Digital,Call AI,10,40.56,4056
World Wide Technology,Call AI,10,57,6840
cloudtalk,Call AI,12,50.4,6048
Vericast,Call AI,15,40.11,6016.5
NAVEX,Call AI,15,20.35,3052.5
Sastrify,Call AI,20,41.38,9931.98
Databook,Call AI,20,35.75,8580
Beamery,Call AI,20,27,5400
Singular,Call AI,20,21,5040
Okendo,Call AI,20,34.09,6818.04
Vic AI,Call AI,20,34.09,6818.58
DataVisor,Call AI,22,34.09,7499.84
Growfin.ai,Call AI,24,38.09,10969.92
Syndigo,Call AI,24,33.13,7952.24
Keyfactor,Call AI,25,44.56,13366.94
Menemsha Group,Call AI,25,30,7500
Vericast,Call AI,25,40.11,10027.5
Data Axle,Call AI,25,71.5,21450
Ebsta,Call AI,25,50,15000
Routeware Inc,Call AI,28,21,7056
Wazoku Ltd,Call AI,30,34.09,10227.87
Power Factors Inc.,Call AI,30,28.89,8667
Access Intelligence Plc,Call AI,34,72.6,24685.38
Capillary,Call AI,35,14.77,5169.5
Sastrify,Call AI,40,41.38,19863.61
Couchbase Inc.,Call AI,40,35.64,14256
Storyblok,Call AI,43,47.69,24608.04
NetApp,Call AI,50,65,39000
Tive,Call AI,50,34.09,17046.45
Service Corporation International,Call AI,50,32.18,16090
Cyara,Call AI,50,65,32500
Nowsta Inc,Call AI,50,28.31,14156.1
The Hartford,Call AI,50,50.4,30240
Beamery,Call AI,50,30,15000
EAB,Call AI,50,49.34,24670
SchoolStatus,Call AI,50,60,30000
ALLO Fiber,Call AI,51,55.58,34014.96
Vericast,Call AI,54,40.11,21659.4
Varonis,Call AI,60,43.2,31104
Resonate,Call AI,61,34.09,20796.67
Resonate,Call AI,61,34.09,20796.67
Syndigo,Call AI,66,33.13,21866.49
11:11 Systems,Call AI,70,32.4,22680
SirionLabs,Call AI,80,38.87,31092.72
Databook,Call AI,124,32.26,40002.4
Tenable,Call AI,150,90,135000
NAVEX,Call AI,200,20.35,40700
Sophos,Call AI,400,40,160000
Splunk,Call AI,710,30.3,258156
Paytronix,Call AI,8,54.25,4340.32
Vareto,Call AI,10,78,7800
APS Payroll,Call AI,10,64.97,6497.38
Menemsha Group,Call AI,12,30,3600
Aurigo Software Technologies,Call AI,12,58.24,6989.18
Access Intelligence Plc,Call AI,12,72.6,8712.49
EIGENSONNE,Call AI,27,45.65,12326.79
Paytronix,Call AI,37,44.88,16605.95
LightEdge Solutions,Call AI,50,78,39000
11:11 Systems,Call AI,51,37.5,19125
Thomson Reuters,Call AI,300,49.7,149100
Studio Enterprise,Call AI,393,53.04,208447.2
GoTo,Call AI,550,38.69,212770.16
APS Payroll,Call AI,22,46.56,10242.19
Paytronix,Call AI,41,45.06,18476.42
Heimdal Security,Call AI,45,77.26,34766.87
CleverTap APAC,Call AI,85,11.36,9659.09
CleverTap APAC,Call AI,90,7,6300
Whatfix,Call AI,225,31.83,85940.72
ShareFile,Digital Sales Rooms,6,7.2,432.22
Paytronix,Digital Sales Rooms,8,12.52,1001.61
Vareto,Digital Sales Rooms,10,12.76,1276.36
APS Payroll,Digital Sales Rooms,10,14.99,1499.4
Lonza USA,Digital Sales Rooms,10,12.32,616
Aurigo Software Technologies,Digital Sales Rooms,12,13.44,1612.89
Keyfactor,Digital Sales Rooms,15,11.95,2150.85
Unravel Data,Digital Sales Rooms,15,6.19,464.36
SEVENROOMS,Digital Sales Rooms,15,11.13,1669.09
Sycurio,Digital Sales Rooms,20,12.1,2420.14
Vericast,Digital Sales Rooms,20,12,1200
Vic AI,Digital Sales Rooms,20,7.2,720.36
APS Payroll,Digital Sales Rooms,22,10.74,2363.58
Syndigo,Digital Sales Rooms,24,7,840.13
Keyfactor,Digital Sales Rooms,25,10.28,3084.68
Collective Health,Digital Sales Rooms,26,5.14,668.4
SchoolStatus,Digital Sales Rooms,26,12.84,1669.2
Wazoku Ltd,Digital Sales Rooms,30,7.2,1080.54
"Uptycs, Inc",Digital Sales Rooms,30,6.61,991.58
Kobiton,Digital Sales Rooms,30,7.2,1079.72
Harley-Davidson,Digital Sales Rooms,30,17.28,5184
Stream.IO,Digital Sales Rooms,32,14.89,5718.02
Notable,Digital Sales Rooms,37,5.73,2119.77
SkyHive,Digital Sales Rooms,40,15,7200
Notable,Digital Sales Rooms,40,5.73,1145.82
Paytronix,Digital Sales Rooms,41,10.4,4263.79
Cyara,Digital Sales Rooms,45,12,2700
Heimdal Security,Digital Sales Rooms,45,17.83,8023.12
Telix Pharmaceuticals Limited,Digital Sales Rooms,50,7.2,3599.05
Tive,Digital Sales Rooms,50,7.2,1800.9
Service Corporation International,Digital Sales Rooms,50,7.92,1980
Pubnub,Digital Sales Rooms,50,13.5,8100
WeWork APAC,Digital Sales Rooms,50,3.14,1568.18
Amazon Business,Digital Sales Rooms,50,12.71,6355.93
Alkami Technology,Digital Sales Rooms,50,35,17500
11:11 Systems,Digital Sales Rooms,51,8,4080
Beyond Menu,Digital Sales Rooms,51,11.18,6842.99
Conviva,Digital Sales Rooms,55,14.25,9405
Conviva,Digital Sales Rooms,55,13.5,8910
Venafi,Digital Sales Rooms,60,6.98,2094
Resonate,Digital Sales Rooms,61,7.2,4394.2
Resonate,Digital Sales Rooms,61,7.2,2197.1
Telix Pharmaceuticals Limited,Digital Sales Rooms,75,7.2,2699.29
SirionLabs,Digital Sales Rooms,80,8.21,3284.84
Mahindra Comviva,Digital Sales Rooms,100,5.03,2515.54
Wasabi Technologies Inc,Digital Sales Rooms,120,7.2,4318.86
Sumo Logic,Digital Sales Rooms,140,9.1,12737.45
Lonza USA,Digital Sales Rooms,150,11.16,16740
Flexential,Digital Sales Rooms,175,15.82,27678.18
Tenable,Digital Sales Rooms,175,6.67,11672.5
Spendesk,Digital Sales Rooms,180,7.49,16174.73
Cribl,Digital Sales Rooms,200,9.72,19438.98
Whatfix,Digital Sales Rooms,225,7.35,19832.47
Riskified,Digital Sales Rooms,230,5.36,6169.51
Bottomline Technologies,Digital Sales Rooms,361,3.99,14403.9
Alight Solutions,Digital Sales Rooms,500,5.73,14322.75
GoTo,Digital Sales Rooms,550,8.93,49100.81
WeWork,Digital Sales Rooms,575,3.14,18034.09
Darktrace,Digital Sales Rooms,1081,2.36,25507.62
Tenable,Digital Sales Rooms,1100,3.75,20625
Twilio,Digital Sales Rooms,1275,6.35,97129.07
Rackspace Hosting,Digital Sales Rooms,1500,2.25,20250
Thomson Reuters,Digital Sales Rooms,3100,3.55,110162.73
Ford Motor,Digital Sales Rooms,500000,0.14,699152.54
Sycurio,Training Essentials ,500,3025.17,30251.69
ShareFile,Training Essentials ,100,208.33,2083.3
Greenhouse Software,Training Essentials ,100,477.08,4770.8
Bryte Learn,Training Essentials ,100,416.67,5000.04
SkyHive,Training Essentials ,100,416.67,5000.04
VAST Data,Training Essentials ,100,250,2500
LimFlow,Training Essentials ,100,416.67,4166.7
Flexential,Training Essentials ,100,1250,12500
S&P Global,Training Essentials ,500,1800,18000
SecureAuth Corporation,Training Essentials ,100,500,5000
Mallinckrodt Pharmaceuticals,Training Essentials ,500,3024,30240
Paytronix,Training Essentials ,100,416.67,4166.7
Venafi,Training Essentials ,100,90,900
Splunk,Training Essentials ,5000,6250,75000
Powercloud GmbH,Training Essentials ,500,1800,18000
Five Star Home Foods,Training Essentials ,100,1000,10000
Rackspace Hosting,Training Essentials ,100,625,7500
Twilio,Training Essentials ,500,1125,13500
Freshworks,Training Essentials ,500,1041.67,12500.04
BazaarVoice,Training Essentials ,100,500,5000
Bluebeam,Training Essentials ,500,1500,15000
Okta,Training Essentials ,5000,6750,67500
Vic AI,Training Essentials ,500,420,4200
Mallinckrodt Pharmaceuticals,Training Essentials ,500,2950.7,59014
Mallinckrodt Pharmaceuticals,Training Essentials ,100,590.14,11802.8
SOCi Inc.,Training Essentials ,500,936.25,22470
Eightfold.ai,Training Essentials ,100,500,10000
LinkedIn,Training Essentials ,500,1500,30000
Thomson Reuters,Training Essentials ,500,1350,40500
RSA Security LLC,Training Essentials ,100,324,9720
Gigamon,Training Essentials ,100,250,9000
MetricStream,Training Essentials ,100,291.67,8750.1
RSA Security LLC,Training Essentials ,100,324,12960
Cisco Systems,Training Essentials ,100000,11695.06,584753
3D Apartment Inc,Professional Package + Spaced Reinforcements,6,34.72,2083.2
Crux Informatics,Professional Package + Spaced Reinforcements,20,38.4,7680
AltiSales,Professional Package + Spaced Reinforcements,27,28.8,7776
UpGuard,Professional Package + Spaced Reinforcements,31,30,11160
Touchstone Securities Inc.,Professional Package + Spaced Reinforcements,35,36,12600
Sonrai Security,Professional Package + Spaced Reinforcements,35,35,12250
Veryan Medical,Professional Package + Spaced Reinforcements,36,42,15120
UpGuard,Professional Package + Spaced Reinforcements,45,30,16200
Amagi,Professional Package + Spaced Reinforcements,60,23.98,14388
Touchstone Securities Inc.,Professional Package + Spaced Reinforcements,65,36,23400
abnormalsecurity,Professional Package + Spaced Reinforcements,65,27,17550
ABBYY,Professional Package + Spaced Reinforcements,100,15,15000
Menlo Security,Professional Package + Spaced Reinforcements,130,22.22,28886
Zenjob,Professional Package + Spaced Reinforcements,150,25,45000
abnormalsecurity,Professional Package + Spaced Reinforcements,168,21.6,36288
Rework training,Professional Package + Spaced Reinforcements,200,11.75,28200
Progressive Leasing,Professional Package + Spaced Reinforcements,240,20,57600
Powercloud GmbH,Professional Package + Spaced Reinforcements,350,22,77000
GlaxoSmithKline Global,Professional Package + Spaced Reinforcements,425,4.81,20442.5
Automation Anywhere,Professional Package + Spaced Reinforcements,435,11,57420
Okta,Professional Package + Spaced Reinforcements,500,20,100000
Okta,Professional Package + Spaced Reinforcements,500,18.5,92500
Greenhouse Software,Professional Package + Spaced Reinforcements,600,19.05,114300
LinkedIn,Professional Package + Spaced Reinforcements,750,20,150000
Appier,Professional Package + Spaced Reinforcements,1000,7.27,72700
Okta,Professional Package + Spaced Reinforcements,1000,20,200000
Okta,Professional Package + Spaced Reinforcements,1192,17.26,205739.2
OpenText,Professional Package + Spaced Reinforcements,1980,6.71,159429.6
Juniper Networks,Professional Package + Spaced Reinforcements,2333,5.64,157897.44
ShareFile,Premier Package,6,16.91,1014.3
ShareFile,Premier Package,9,27,2429.97
Collective Health,Premier Package,15,17.31,2596.13
RetailNext,Premier Package,17,18.9,3212.96
Okendo,Premier Package,20,16.51,3301.64
Accelerate Performance Sales Consulting,Premier Package,20,27,5399.94
Vic AI,Premier Package,20,16.91,3381
DataVisor,Premier Package,22,16.51,3631.8
Syndigo,Premier Package,24,16.43,3943.13
Collective Health,Premier Package,26,21.29,5534.62
Wazoku Ltd,Premier Package,30,16.91,5071.5
"Uptycs, Inc",Premier Package,30,27.37,8210.7
Power Factors Inc.,Premier Package,30,13.99,4197
Kobiton,Premier Package,30,29.8,8940.54
Notable,Premier Package,37,23.72,8776.33
Notable,Premier Package,40,23.72,9487.92
Telix Pharmaceuticals Limited,Premier Package,50,29.8,14900.9
Tive,Premier Package,50,16.91,8452.5
Nowsta Inc,Premier Package,50,13.71,6855.1
Immuta,Premier Package,60,27,16199.82
Resonate,Premier Package,61,16.91,10312.05
Resonate,Premier Package,61,16.91,10312.05
Syndigo,Premier Package,66,16.04,10588.86
Telix Pharmaceuticals Limited,Premier Package,75,29.8,22351.35
SirionLabs,Premier Package,80,19.27,15417.36
Wasabi Technologies Inc,Premier Package,120,29.8,35762.16
Riskified,Premier Package,230,22.21,51086.37
Alight Solutions,Premier Package,500,23.72,118599
TargetRecruit LLC,Spaced Reinforcements,9,3.77,339.13
ActZero,Spaced Reinforcements,10,3.43,343.32
Vivaro Digital,Spaced Reinforcements,10,2.64,263.83
cloudtalk,Spaced Reinforcements,30,3.63,1089.07
SirionLabs,Spaced Reinforcements,30,2.76,826.77
MetricStream,Spaced Reinforcements,33,3.26,1076.53
UpGuard,Spaced Reinforcements,45,3.93,2124.79
Okendo,Spaced Reinforcements,60,3.51,2108.71
Zuddl,Spaced Reinforcements,75,4.12,3090.38
MetricStream,Spaced Reinforcements,77,1.78,1370.13
Mahindra Comviva,Spaced Reinforcements,100,0.82,820.97
Forter,Spaced Reinforcements,100,1.61,1928.7
Vic AI,Spaced Reinforcements,100,2.14,2143
ShareFile,Spaced Reinforcements,140,4.29,6000.4
Caring.com,Spaced Reinforcements,150,3.09,4628.88
Viiv Healthcare,Spaced Reinforcements,150,1.28,2304
RSA Security LLC,Spaced Reinforcements,175,3.19,5580.37
Kentik,Spaced Reinforcements,220,3.64,8014.82
Viiv Healthcare,Spaced Reinforcements,300,1.25,3750
GlaxoSmithKline Global,Spaced Reinforcements,500,1.25,6250
Amplitude,Spaced Reinforcements,820,1.74,14233.81
RadNet,Spaced Reinforcements,1500,1.55,23208.69
LinkedIn,Spaced Reinforcements,9250,2.36,218050.25
Juniper Networks,Spaced Reinforcements,25000,0.57,171440
TargetRecruit LLC,Essentials Package,9,5.02,452.08
ActZero,Essentials Package,10,4.58,457.66
cloudtalk,Essentials Package,30,4.84,1451.93
SirionLabs,Essentials Package,30,3.67,1102.23
MetricStream,Essentials Package,33,4.35,1435.07
UpGuard,Essentials Package,45,5.25,2833.06
Okendo,Essentials Package,60,4.69,2811.29
Zuddl,Essentials Package,75,5.49,4119.62
MetricStream,Essentials Package,77,2.37,1826.45
Mahindra Comviva,Essentials Package,100,1.09,1094.5
Forter,Essentials Package,100,2.14,2571.3
Vic AI,Essentials Package,100,2.86,2857
ShareFile,Essentials Package,140,5.71,7999.6
Caring.com,Essentials Package,150,4.11,6171.12
RSA Security LLC,Essentials Package,175,4.25,7439.63
Kentik,Essentials Package,220,4.86,10685.18
Amplitude,Essentials Package,820,2.31,18976.19
RadNet,Essentials Package,1500,2.06,30941.31
LinkedIn,Essentials Package,9250,3.14,290699.75
Juniper Networks,Essentials Package,25000,0.76,228560
Vivaro Digital,Professional Package,10,23.45,2345.18
Unravel Data,Professional Package,15,17.03,2554.24
Unravel Data,Professional Package,15,15.83,2374.52
Workiz Inc,Professional Package,20,17,3400.54
Prescryptive Health,Professional Package,30,17,5100.81
LimFlow,Professional Package,30,17,5100.81
Singular Genomics,Professional Package,30,17,5100.81
Workiz Inc,Professional Package,30,17,5100.81
Scientia Vascular LLC,Professional Package,30,17,5100.81
Tripleseat,Professional Package,60,15.3,9181.46
Syndigo,Professional Package,105,16.53,17354.19
Securonix,Professional Package,200,17,34005.4
ShareFile,Professional Package,222,17,37745.99
NAVEX,Virtual Role-Play (Missions + Quick Update),50,5.76,2880
NAVEX,Virtual Role-Play (Missions + Quick Update),50,5.51,2755
Novartis,Virtual Role-Play (Missions + Quick Update),50,8,4800
Novartis,Virtual Role-Play (Missions + Quick Update),63,8,6048
Bryte Learn,Virtual Role-Play (Missions + Quick Update),100,0.83,996
Kentik,Virtual Role-Play (Missions + Quick Update),110,7.5,8250
NuVasive,Virtual Role-Play (Missions + Quick Update),150,14.49,26082
Mendix EMEA,Virtual Role-Play (Missions + Quick Update),210,8.7,18270
Amplitude,Virtual Role-Play (Missions + Quick Update),475,3.99,18952.5
Alcon,Virtual Role-Play (Missions + Quick Update),1500,7.07,127301.09
Alembic Pharmaceuticals,Virtual Role-Play (Missions + Quick Update),1700,0.74,15178.57